  -- phpMyAdmin SQL Dump
-- version 3.5.1
-- http://www.phpmyadmin.net
--
-- Хост: 127.0.0.1
-- Время создания: Май 23 2018 г., 15:23
-- Версия сервера: 5.5.25
-- Версия PHP: 5.3.13

SET SQL_MODE="NO_AUTO_VALUE_ON_ZERO";
SET time_zone = "+00:00";


/*!40101 SET @OLD_CHARACTER_SET_CLIENT=@@CHARACTER_SET_CLIENT */;
/*!40101 SET @OLD_CHARACTER_SET_RESULTS=@@CHARACTER_SET_RESULTS */;
/*!40101 SET @OLD_COLLATION_CONNECTION=@@COLLATION_CONNECTION */;
/*!40101 SET NAMES utf8 */;

--
-- База данных: `blog`
--

-- --------------------------------------------------------

--
-- Структура таблицы `blog_cats`
--

CREATE TABLE IF NOT EXISTS `blog_cats` (
  `catID` int(11) unsigned NOT NULL AUTO_INCREMENT,
  `catTitle` varchar(255) DEFAULT NULL,
  `catSlug` varchar(255) DEFAULT NULL,
  PRIMARY KEY (`catID`)
) ENGINE=MyISAM  DEFAULT CHARSET=utf8 AUTO_INCREMENT=6 ;

--
-- Дамп данных таблицы `blog_cats`
--

INSERT INTO `blog_cats` (`catID`, `catTitle`, `catSlug`) VALUES
(1, 'General', 'general'),
(2, 'Development', 'development'),
(5, 'Misc', 'misc'),
(4, 'Testing', 'testing');

-- --------------------------------------------------------

--
-- Структура таблицы `blog_members`
--

CREATE TABLE IF NOT EXISTS `blog_members` (
  `memberID` int(11) unsigned NOT NULL AUTO_INCREMENT,
  `username` varchar(255) DEFAULT NULL,
  `password` varchar(255) DEFAULT NULL,
  `email` varchar(255) DEFAULT NULL,
  PRIMARY KEY (`memberID`)
) ENGINE=InnoDB  DEFAULT CHARSET=latin1 AUTO_INCREMENT=2 ;

--
-- Дамп данных таблицы `blog_members`
--

INSERT INTO `blog_members` (`memberID`, `username`, `password`, `email`) VALUES
  
(1, 'Demo', '$2y$10$EHFMHiVRx2jYoExSQeTkXeYfmUeAFpEOYaTFYyDyuD3qOVkYFPacO', 'demo@demo.com');

-- --------------------------------------------------------

--
-- Структура таблицы `blog_posts`
--

CREATE TABLE IF NOT EXISTS `blog_posts` (
  `postID` int(11) unsigned NOT NULL AUTO_INCREMENT,
  `postTitle` varchar(255) DEFAULT NULL,
  `postDesc` text,
  `postCont` text,
  `postDate` datetime DEFAULT NULL,
  PRIMARY KEY (`postID`)
) ENGINE=InnoDB DEFAULT CHARSET=latin1 AUTO_INCREMENT=1 ;

-- --------------------------------------------------------

--
-- Структура таблицы `blog_posts_seo`
--

CREATE TABLE IF NOT EXISTS `blog_posts_seo` (
  `postID` int(11) unsigned NOT NULL AUTO_INCREMENT,
  `postTitle` varchar(255) DEFAULT NULL,
  `postSlug` varchar(255) DEFAULT NULL,
  `postDesc` text,
  `postCont` text,
  `postDate` datetime DEFAULT NULL,
  PRIMARY KEY (`postID`)
) ENGINE=InnoDB  DEFAULT CHARSET=latin1 AUTO_INCREMENT=8 ;

--
-- Дамп данных таблицы `blog_posts_seo`
--

INSERT INTO `blog_posts_seo` (`postID`, `postTitle`, `postSlug`, `postDesc`, `postCont`, `postDate`) VALUES
(2, 'That Darn Katz!', 'that-darn-katz', '<p>Wow! A superpowers drug you can just rub onto your skin? You''d think it would be something you''d have to freebase. Fry, you can''t just sit here in the dark listening to classical music. And yet you haven''t said what I told you to say! How can any of us trust you?</p>', '<h2>Xmas Story</h2>\r\n<p>It must be wonderful. Does anybody else feel jealous and aroused and worried? Is today''s hectic lifestyle making you tense and impatient? Soothe us with sweet lies. That''s right, baby. I ain''t your loverboy Flexo, the guy you love so much. You even love anyone pretending to be him!</p>\r\n<ul>\r\n<li>Goodbye, friends. I never thought I''d die like this. But I always really hoped.</li>\r\n<li>They''re like sex, except I''m having them!</li>\r\n<li>Come, Comrade Bender! We must take to the streets!</li>\r\n</ul>\r\n<h3>Anthology of Interest I</h3>\r\n<p>Hey, whatcha watching? They''re like sex, except I''m having them! Well I''da done better, but it''s plum hard pleading a case while awaiting trial for that there incompetence. Yes, except the Dave Matthews Band doesn''t rock. I suppose I could part with ''one'' and still be feared&hellip;</p>\r\n<h4>Teenage Mutant Leela''s Hurdles</h4>\r\n<p>Oh, but you can. But you may have to metaphorically make a deal with the devil. And by "devil", I mean Robot Devil. And by "metaphorically", I mean get your coat. Please, Don-Bot&hellip; look into your hard drive, and open your mercy file! It''s a T. It goes "tuh". I guess if you want children beaten, you have to do it yourself.</p>\r\n<ol>\r\n<li>Spare me your space age technobabble, Attila the Hun!</li>\r\n<li>Well, thanks to the Internet, I''m now bored with sex. Is there a place on the web that panders to my lust for violence?</li>\r\n</ol>\r\n<h5>The Farnsworth Parabox</h5>\r\n<p>Wow! A superpowers drug you can just rub onto your skin? You''d think it would be something you''d have to freebase. We need rest. The spirit is willing, but the flesh is spongy and bruised. It must be wonderful.</p>', '2013-06-05 23:10:35'),
(3, 'How Hermes Requisitioned His Groove Back', 'how-hermes-requistioned-his-groove-back', '<p>You''re going back for the Countess, aren''t you? Wow! A superpowers drug you can just rub onto your skin? You''d think it would be something you''d have to freebase. Now Fry, it''s been a few years since medical school, so remind me. Disemboweling in your species: fatal or non-fatal? I don''t want to be rescued. Leela, are you alright? You got wanged on the head.</p>', '<h2>The Luck of the Fryrish</h2>\r\n<p>Professor, make a woman out of me. I am the man with no name, Zapp Brannigan! Good man. Nixon''s pro-war and pro-family. The alien mothership is in orbit here. If we can hit that bullseye, the rest of the dominoes will fall like a house of cards. Checkmate. Fry, you can''t just sit here in the dark listening to classical music.</p>\r\n<ul>\r\n<li>Who are those horrible orange men?</li>\r\n<li>Is today''s hectic lifestyle making you tense and impatient?</li>\r\n</ul>\r\n<h3>Lethal Inspection</h3>\r\n<p>Oh, but you can. But you may have to metaphorically make a deal with the devil. And by "devil", I mean Robot Devil. And by "metaphorically", I mean get your coat. No. We''re on the top. Does anybody else feel jealous and aroused and worried? Well I''da done better, but it''s plum hard pleading a case while awaiting trial for that there incompetence. It must be wonderful.</p>\r\n<h4>Where No Fan Has Gone Before</h4>\r\n<p>Who are those horrible orange men? Bender, we''re trying our best. Please, Don-Bot&hellip; look into your hard drive, and open your mercy file! Wow! A superpowers drug you can just rub onto your skin? You''d think it would be something you''d have to freebase. WINDMILLS DO NOT WORK THAT WAY! GOOD NIGHT! Look, last night was a mistake.</p>\r\n<ol>\r\n<li>I''m sorry, guys. I never meant to hurt you. Just to destroy everything you ever believed in.</li>\r\n<li>Stop it, stop it. It''s fine. I will ''destroy'' you!</li>\r\n<li>You guys realize you live in a sewer, right?</li>\r\n</ol>\r\n<h5>Fear of a Bot Planet</h5>\r\n<p>Why yes! Thanks for noticing. Hey, guess what you''re accessories to. Yes, except the Dave Matthews Band doesn''t rock. Take me to your leader! Daddy Bender, we''re hungry.</p>', '2013-06-05 23:20:24'),
(6, 'The Cyber House Rules', 'the-cyber-house-rules', '<p>You guys realize you live in a sewer, right? Uh, is the puppy mechanical in any way? Come, Comrade Bender! We must take to the streets! I daresay that Fry has discovered the smelliest object in the known universe! Good news, everyone! There''s a report on TV with some very bad news!</p>', '<h2>The Luck of the Fryrish</h2>\r\n<p>Professor, make a woman out of me. I am the man with no name, Zapp Brannigan! Good man. Nixon''s pro-war and pro-family. The alien mothership is in orbit here. If we can hit that bullseye, the rest of the dominoes will fall like a house of cards. Checkmate. Fry, you can''t just sit here in the dark listening to classical music.</p>\r\n<ul>\r\n<li>Who are those horrible orange men?</li>\r\n<li>Is today''s hectic lifestyle making you tense and impatient?</li>\r\n</ul>\r\n<h3>Lethal Inspection</h3>\r\n<p>Oh, but you can. But you may have to metaphorically make a deal with the devil. And by "devil", I mean Robot Devil. And by "metaphorically", I mean get your coat. No. We''re on the top. Does anybody else feel jealous and aroused and worried? Well I''da done better, but it''s plum hard pleading a case while awaiting trial for that there incompetence. It must be wonderful.</p>\r\n<h4>Where No Fan Has Gone Before</h4>\r\n<p>Who are those horrible orange men? Bender, we''re trying our best. Please, Don-Bot&hellip; look into your hard drive, and open your mercy file! Wow! A superpowers drug you can just rub onto your skin? You''d think it would be something you''d have to freebase. WINDMILLS DO NOT WORK THAT WAY! GOOD NIGHT! Look, last night was a mistake.</p>\r\n<ol>\r\n<li>I''m sorry, guys. I never meant to hurt you. Just to destroy everything you ever believed in.</li>\r\n<li>Stop it, stop it. It''s fine. I will ''destroy'' you!</li>\r\n<li>You guys realize you live in a sewer, right?</li>\r\n</ol>\r\n<h5>Fear of a Bot Planet</h5>\r\n<p>Why yes! Thanks for noticing. Hey, guess what you''re accessories to. Yes, except the Dave Matthews Band doesn''t rock. Take me to your leader! Daddy Bender, we''re hungry.</p>', '2013-06-06 08:28:35'),
(7, 'DemoArt', 'demoart', '<p>Created</p>', '<p>Created</p>', '2018-05-21 22:54:13');

-- --------------------------------------------------------

--
-- Структура таблицы `blog_post_cats`
--

CREATE TABLE IF NOT EXISTS `blog_post_cats` (
  `id` int(11) unsigned NOT NULL AUTO_INCREMENT,
  `postID` int(11) DEFAULT NULL,
  `catID` int(11) DEFAULT NULL,
  PRIMARY KEY (`id`)
) ENGINE=MyISAM  DEFAULT CHARSET=utf8 AUTO_INCREMENT=27 ;

--
-- Дамп данных таблицы `blog_post_cats`
--

INSERT INTO `blog_post_cats` (`id`, `postID`, `catID`) VALUES
(25, 2, 5),
(21, 6, 4),
(24, 2, 1),
(4, 3, 2),
(20, 6, 1),
(26, 7, 2);

/*!40101 SET CHARACTER_SET_CLIENT=@OLD_CHARACTER_SET_CLIENT */;
/*!40101 SET CHARACTER_SET_RESULTS=@OLD_CHARACTER_SET_RESULTS */;
/*!40101 SET COLLATION_CONNECTION=@OLD_COLLATION_CONNECTION */;

  